Model,Accuracy,Std,Precision,Recall,F1 Score
Logistic Regression,0.8312021857923497,0.02808413580203068,0.8379564555238084,0.8655303030303031,0.8453972571420889
SVM,0.8279234972677596,0.026105352790091588,0.8222580671361159,0.8780303030303032,0.8454939992375763
Random Forest,0.8148087431693989,0.04000447883193467,0.8268463698610757,0.8414772727272728,0.8301575079149706
KNN,0.8081420765027321,0.02744747330986194,0.8030897207367795,0.8598484848484848,0.8295471326607486
Decision Tree,0.7747540983606557,0.04756597546730781,0.7803404438698557,0.8170454545454545,0.7960125340444824
